Name,Email,Phone Number
Jose Silva,jose.silva94@gmail.com,+639845346962
Maria Dela Cruz,maria.dela cruz43@gmail.com,+639754455590
Ana Garcia,ana.garcia32@yahoomail.com,+639974341041
Isabel Garcia,isabel.garcia50@gmail.com,+639756668819
Ana Reyes,ana.reyes35@gmail.com,+639408085733
Ana Silva,ana.silva61@yahoomail.com,+639763063820
Elena Garcia,elena.garcia53@gmail.com,+639333359809
Elena Navarro,elena.navarro49@gmail.com,+639739475725
Luisa Torres,luisa.torres66@gmail.com,+639878261684
Ramon Mendoza,ramon.mendoza96@gmail.com,+639129482491
Elena Navarro,elena.navarro85@yahoomail.com,+639337456765
Juan Garcia,juan.garcia7@yahoomail.com,+639481470785
Liza Silva,liza.silva19@gmail.com,+639899055750
Miguel Torres,miguel.torres13@yahoomail.com,+639752273517
Carlos Gonzales,carlos.gonzales1@gmail.com,+639957410084
Elena Navarro,elena.navarro17@yahoomail.com,+639235900524
Ana Reyes,ana.reyes57@gmail.com,+639824391923
Jose Lopez,jose.lopez47@gmail.com,+639517871797
Miguel Silva,miguel.silva83@gmail.com,+639554493269
Juan Lopez,juan.lopez91@gmail.com,+639482237717
Isabel Silva,isabel.silva44@gmail.com,+639502888795
Miguel Mendoza,miguel.mendoza90@gmail.com,+639632499431
Miguel Reyes,miguel.reyes7@yahoomail.com,+639548064855
Juan Garcia,juan.garcia35@yahoomail.com,+639595175419
Carlos Reyes,carlos.reyes20@gmail.com,+639659279268
Luisa Lopez,luisa.lopez20@gmail.com,+639974374836
Elena Mendoza,elena.mendoza12@gmail.com,+639857525364
Isabel Silva,isabel.silva38@gmail.com,+639345836031
Luisa Navarro,luisa.navarro83@yahoomail.com,+639958577668
Miguel Rizal,miguel.rizal43@yahoomail.com,+639403262850
Carlos Torres,carlos.torres60@yahoomail.com,+639916077025
Miguel Garcia,miguel.garcia89@gmail.com,+639606194981
Ana Rizal,ana.rizal55@yahoomail.com,+639318570360
Ana Reyes,ana.reyes13@yahoomail.com,+639124814508
Elena Garcia,elena.garcia56@yahoomail.com,+639859963652
Luisa Reyes,luisa.reyes32@yahoomail.com,+639817843741
Jose Lopez,jose.lopez53@yahoomail.com,+639243383071
Liza Santos,liza.santos87@gmail.com,+639282811821
Elena Gonzales,elena.gonzales43@gmail.com,+639801254182
Luisa Mendoza,luisa.mendoza30@gmail.com,+639555466897
Maria Torres,maria.torres93@yahoomail.com,+639698471537
Juan Dela Cruz,juan.dela cruz91@yahoomail.com,+639919594503
Juan Torres,juan.torres29@yahoomail.com,+639963538071
Pedro Navarro,pedro.navarro42@yahoomail.com,+639292108341
Maria Moreno,maria.moreno83@gmail.com,+639895709594
Elena Santos,elena.santos61@gmail.com,+639205733059
Luisa Lopez,luisa.lopez56@gmail.com,+639998262691
Elena Navarro,elena.navarro70@yahoomail.com,+639858602849
Jose Rizal,jose.rizal44@gmail.com,+639137734854
Juan Reyes,juan.reyes59@gmail.com,+639817099157
